Order_ID,Product_Category,Shipping_Mode,Order_Value,Package_Weight_Kg,Warehouse_Distance_Km,Items_in_Order,Warehouse_Processing_Hours,Courier_Load_Index,Traffic_Index,Delivery_Time_Hours
ORD100001,Electronics,Standard,2650,0.82,15.0,1,1.41,1.5,1.0,11.39
ORD100002,Beauty,Same-Day,1433,0.44,49.7,1,1.35,1.93,1.61,6.71
ORD100003,Fashion,Express,1886,0.88,84.5,1,1.88,2.36,2.22,18.63
ORD100004,Books,Standard,1369,1.55,119.2,1,2.42,2.79,2.83,31.81
ORD100005,Home & Kitchen,Same-Day,2532,2.71,153.9,1,2.35,3.22,3.44,24.01
ORD100006,Electronics,Express,3065,2.38,188.7,1,2.89,3.65,4.05,23.0
ORD100007,Beauty,Standard,1848,2.0,223.4,1,3.42,4.08,4.66,37.41
ORD100008,Home & Kitchen,Same-Day,2781,3.69,258.1,1,3.36,4.51,5.27,29.97
ORD100009,Electronics,Express,3314,3.25,292.9,1,1.7,4.94,5.88,38.52
ORD100010,Beauty,Standard,2097,2.87,343.6,1,2.23,5.37,6.49,50.89
ORD100011,Fashion,Same-Day,2550,3.42,378.3,1,2.17,5.8,7.1,29.36
ORD100012,Books,Same-Day,2033,4.09,413.0,1,2.5,6.23,7.71,37.61
ORD100013,Home & Kitchen,Express,3196,1.65,447.8,1,3.04,6.66,8.32,50.33
ORD100014,Electronics,Standard,5679,2.47,482.5,4,4.24,7.09,8.93,64.06
ORD100015, electronics,Same-Day,3542,2.5,517.2,4,4.17,7.52,9.54,54.46
ORD100016,Home & Kitchen,Express,5245,4.58,552.0,4,2.51,7.95,1.15,42.51
ORD100017,Electronics,Standard,5928,3.45,586.7,4,3.04,8.38,1.76,55.37
ORD100018,Beauty,Same-Day,4130,2.56,621.4,4,2.98,8.81,2.37,44.96
ORD100019,Fashion,Express,4793,3.15,672.1,4,3.51,9.24,2.98,57.35
ORD100020,Books,Standard,3976,4.06,706.9,4,4.05,9.74,3.59,71.14
ORD100021,Home & Kitchen,Same-Day,5679,6.14,741.6,4,3.48,1.67,4.2,43.42
ORD100022,Fashion,Express,5042,4.13,776.3,4,4.02,2.1,4.81,54.44
ORD100023,Books,Express,4225,5.04,811.1,4,2.15,2.53,5.42,57.92
ORD100024,Home & Kitchen,standard ,5928,7.01,845.8,4,2.69,2.96,6.16,71.99
ORD100025,Electronics,Same-Day,6611,2.28,880.5,4,2.62,3.39,6.77,60.75
ORD100026,Beauty,Express,4794,1.5,915.3,4,3.16,3.82,7.38,61.3
ORD100027,Fashion,Standard,7017,2.99,950.0,7,4.36,4.25,7.99,76.73
ORD100028,Books,Same-Day,5900,4.14,64.8,7,4.29,4.68,8.6,29.77
ORD100029,Beauty,Express,6393,3.12,99.5,7,4.83,5.11,9.21,41.32
ORD100030,Fashion,Standard,7266,3.86,134.2,7,3.16,5.54,9.82,51.08
ORD100031,Books,Same-Day,6149,5.12,169.0,7,3.1,5.97,1.43,20.03
ORD100032,Home & Kitchen,Express,8392,7.9,203.7,7,3.63,6.4,2.04,35.31
ORD100033,Electronics,Standard,9225,6.08,238.4,7,4.17,6.83,2.65,46.19
ORD100034,Beauty,Standard,6808,4.68,273.2,7,4.51,7.26,3.26,49.95
ORD100035,Fashion,Same-Day,7700,5.42,307.9,7,4.44,7.69,3.87,40.73
ORD100036,Electronics,Express,9493,,342.6,7,4.98,8.12,4.48,43.1
ORD100037,Beauty,Standard,7076,2.06,393.3,7,3.31,8.55,5.09,53.06
ORD100038,Fashion,Same-Day,7949,2.8,428.1,7,3.25,8.98,5.7,43.18
ORD100039,Books,Express,6832,3.95,462.8,7,3.79,9.48,6.31,56.6
ORD100040,Home & Kitchen,Standard,6675,4.13,497.5,3,3.44,9.91,6.92,67.95
ORD100041,Electronics,Same-Day,7308,3.34,532.3,3,2.87,1.84,7.53,37.8
ORD100042,Beauty,Express,5691,2.62,567.0,3,3.41,2.27,8.14,49.84
ORD100043,Home & Kitchen,Standard,6924,5.11,601.7,3,3.94,2.7,8.75,64.21
ORD100044,Electronics,Same-Day,7557,4.21,636.5,3,1.68,3.13,9.36,50.98
ORD100045,Beauty,Same-Day,5940,3.49,671.2,3,2.01,3.56,9.97,55.91
ORD100046,Fashion,Express,6533,-2.7,721.9,3,2.55,3.99,1.58,45.73
ORD100047,Books,Standard,5816,4.97,756.6,3,3.09,4.42,2.32,59.85
ORD100048,Home & Kitchen,Same-Day,7339,3.07,791.4,3,3.02,4.85,2.93,50.88
ORD100049,Electronics,Express,7972,2.17,826.1,3,3.56,5.28,3.54,62.03
ORD100050,Books,Standard,6065,2.24,860.8,3,4.09,5.71,4.15,74.88
ORD100051,Home & Kitchen,Same-Day,7588,4.05,895.6,3,1.83,6.14,4.76,53.84
ORD100052,Electronics,Express,8240,3.15,930.3,3,2.36,6.57,5.37,65.54
ORD100053,Beauty,Standard,7973,3.18,29.1,6,3.56,7.0,5.98,39.81
ORD100054,Fashion,Same-Day,8776,3.87,63.8,6,3.5,7.43,6.59,29.94
ORD100055,Books,Express,7759,4.94,114.5,6,4.03,7.86,7.2,45.2
ORD100056,Home & Kitchen,Express,9822,7.56,149.2,6,4.37,8.29,7.81,41.43
ORD100057,Fashion,Standard,9025,4.85,184.0,6,4.9,8.72,8.42,51.23
ORD100058,Books,Same-Day,8008,59.2,218.7,6,2.64,9.22,9.03,40.24
ORD100059,Home & Kitchen,Express,10071,4.83,253.4,6,3.18,9.65,9.64,53.35
ORD100060,Electronics,Standard,10854,3.24,288.2,6,3.2,1.58,1.25,44.5
ORD100061,Beauty,Same-Day,8637,2.12,322.9,6,3.14,2.01,1.86,23.03
ORD100062,FASHION,Express,9440,2.81,357.6,6,3.68,2.44,2.47,35.27
ORD100063,Books,Standard,8423,3.88,392.4,6,4.21,2.87,3.08,48.55
ORD100064,Beauty,Same-Day,8886,2.99,443.1,6,4.15,3.3,3.69,39.22
ORD100065,Fashion,Express,9689,3.68,477.8,6,2.48,3.73,4.3,50.19
ORD100066,Books,Standard,6992,3.34,512.5,2,2.14,4.16,4.91,49.15
ORD100067,Home & Kitchen,Standard,8335,4.77,547.3,2,2.48,4.59,5.52,56.02
ORD100068,Electronics,Same-Day,8918,4.1,582.0,2,2.41,5.02,6.13,45.44
ORD100069,Beauty,Express,7520,3.55,616.7,2,2.95,5.45,6.74,56.9
ORD100070,Fashion,Standard,8043,4.04,651.5,2,3.48,5.88,7.48,71.07
ORD100071,Electronics,Same-Day,9186,1.48,686.2,2,3.42,6.31,8.09,50.44
ORD100072,Beauty,Express,7769,0.93,720.9,2,1.75,6.74,8.7,59.43
ORD100073,Fashion,Standard,2292,1.42,771.6,2,2.29,7.17,9.31,71.47
ORD100074,Books,Same-Day,1675,2.17,806.4,2,2.23,7.6,9.92,63.17
ORD100075,Home & Kitchen,EXPRESS,3018,3.6,841.1,2,2.76,8.03,1.53,67.8
ORD100076,Electronics,Standard,3601,3.04,875.8,2,3.3,8.46,2.14,66.72
ORD100077,Beauty,Same-Day,2184,2.49,910.6,2,3.24,8.96,2.75,56.66
ORD100078,Home & Kitchen,Same-Day,3267,4.58,945.3,2,3.57,9.39,3.36,63.6
ORD100079,Electronics,Express,5800,5.17,44.1,5,4.77,9.82,3.97,38.21
ORD100080,Beauty,Standard,3783,4.11,78.8,5,2.6,1.75,4.58,43.26
ORD100081,Fashion,Same-Day,4516,4.86,113.6,5,2.53,2.18,5.19,18.43
ORD100082,Books,Express,3599,2.25,164.3,5,3.07,2.61,5.8,31.55
ORD100083,Home & Kitchen,Standard,5482,4.49,199.0,5,3.6,3.04,6.41,45.51
ORD100084,Electronics,Same-Day,6215,3.13,233.7,5,3.54,3.47,7.02,35.03
ORD100085,Books,Express,3848,3.12,268.5,5,4.07,3.9,7.63,34.23
ORD100086,Home & Kitchen,Standard,5750,5.47,303.2,5,4.61,4.33,8.24,51.55
ORD100087,Electronics,Same-Day,6483,4.11,337.9,5,2.35,4.76,8.85,38.35
ORD100088,Beauty,Express,4466,3.05,372.7,5,2.88,5.19,9.46,49.44
ORD100089,Fashion,Express,5199,3.69,407.4,5,,5.62,1.07,42.13
ORD100090,Books,Standard,4282,4.68,442.1,5,3.75,6.05,1.68,43.77
ORD100091,Home & Kitchen,Same-Day,6165,7.03,492.8,5,3.69,6.48,2.29,39.16
ORD100092,Fashion,Express,3368,3.47,527.6,1,3.34,6.91,2.9,45.51
ORD100093,Books,Standard,2851,4.14,562.3,1,3.88,7.34,3.64,58.87
ORD100094,Home & Kitchen,Same-Day,4014,1.7,597.0,1,1.62,7.77,4.25,47.45
ORD100095,Electronics,Express,4547,1.26,631.8,1,2.15,8.2,4.86,47.5
ORD100096,Beauty,Standard,3330,0.99,666.5,1,2.69,8.7,5.47,60.88
ORD100097,Fashion,Same-Day,3783,1.43,-35.0,1,2.63,9.13,6.08,50.98
ORD100098,Books,Express,3266,2.1,736.0,1,3.16,9.56,6.69,64.16
ORD100099,Beauty,Standard,3579,1.86,770.7,1,3.7,9.99,7.3,76.38
ORD100100,Fashion,Standard,4032,2.3,821.4,1,3.53,1.92,7.91,61.5
ORD100101,Books,Same-Day,3515,3.08,856.1,1,1.26,2.35,8.52,51.96
ORD100102,Home & Kitchen,Express,4678,4.24,890.9,1,1.8,2.78,9.13,65.71
ORD100103,Electronics,Standard,5230,3.8,925.6,1,2.33,3.21,9.74,76.92
ORD100104,Beauty,Same-Day,4013,3.42,24.4,1,2.27,3.64,1.35,15.61
ORD100105,Fashion,Express,6026,4.76,59.1,4,3.46,4.07,1.96,19.01
ORD100106,Electronics,Standard,7429,2.44,93.9,4,4.0,4.5,2.57,33.05
ORD100107,Beauty,Same-Day,5612,1.55,128.6,4,3.94,4.93,3.18,22.58
ORD100108,Fashion,Express,6275,2.14,163.3,4,2.27,5.36,3.79,31.68
ORD100109,Books,Standard,5458,3.05,214.0,4,2.81,5.79,4.4,46.21
ORD100110,Home & kitchen,Same-Day,7161,5.02,248.8,4,2.74,6.22,5.01,27.84
ORD100111,Electronics,Same-Day,7844,4.0,283.5,4,3.08,6.65,5.62,32.79
ORD100112,Beauty,Express,6027,3.11,318.2,4,3.61,7.08,6.23,44.03
ORD100113,Home & Kitchen,Standard,7410,6.0,353.0,4,4.15,7.51,6.84,58.5
ORD100114,Electronics,Same-Day,8093,4.87,387.7,4,4.09,7.94,7.45,48.49
ORD100115,Beauty,Express,6276,3.98,422.4,4,2.43,8.44,8.06,46.62
ORD100116,Fashion,Standard,6939,4.68,457.2,4,2.96,8.87,8.8,59.54
ORD100117,Books,Same-Day,6122,1.99,491.9,4,2.9,9.3,9.41,50.05
ORD100118,Home & Kitchen,Express,9625,5.91,542.6,7,4.09,9.73,1.02,55.22
ORD100119,Electronics,Standard,10458,4.09,577.3,7,4.12,1.66,1.63,57.73
ORD100120,Books,Same-Day,7650,4.0,612.0,7,4.06,2.09,2.24,37.23
ORD100121,Home & Kitchen,Express,9893,6.89,646.8,7,4.59,2.52,2.85,52.27
ORD100122,Electronics,Same day,10726,5.07,681.5,7,2.73,2.95,3.46,53.25
ORD100123,Beauty,Standard,8309,3.67,716.2,7,3.26,3.38,4.07,64.27
ORD100124,Fashion,Same-Day,9182,4.41,751.0,7,3.2,3.81,4.68,55.26
ORD100125,Books,Express,8065,5.56,785.7,7,3.73,4.24,5.29,58.13
ORD100126,Home & Kitchen,Standard,10308,8.45,820.5,7,4.27,4.67,5.9,73.06
ORD100127,Fashion,Same-Day,9431,5.39,871.1,7,4.21,5.1,6.51,61.19
ORD100128,Books,Express,8314,6.54,905.9,7,4.74,5.53,7.12,74.57
ORD100129,Home & Kitchen,Standard,10557,5.72,940.6,7,3.08,5.96,7.73,86.08
ORD100130,Electronics,Same-Day,11390,3.9,39.4,7,3.01,6.39,8.34,25.37
ORD100131,Beauty,Express,7173,1.61,74.1,3,2.67,6.82,8.95,33.89
ORD100132,Fashion,Standard,7766,2.15,108.9,3,3.21,7.25,9.56,45.61
ORD100133,Books,Standard,7049,2.98,143.6,3,3.54,7.68,1.17,39.54
ORD100134,Beauty,Same-Day,7422,2.48,178.3,3,3.48,8.18,1.78,30.84
ORD100135,Fashion,Express,8015,3.02,213.1,3,4.02,8.61,2.39,31.94
ORD100136,Books,Standard,7298,3.96,263.8,3,2.35,9.04,3.0,43.79
ORD100137,Home & Kitchen,Same-Day,8840,5.66,298.5,3,2.29,9.47,3.61,35.88
ORD100138,Electronics,Express,9473,4.76,333.2,3,2.82,9.9,4.22,47.07
ORD100139,Beauty,Standard,7856,4.04,368.0,3,2.85,1.83,4.96,50.84
ORD100140,Fashion,Same-Day,8449,0.98,402.7,3,2.79,2.26,5.57,28.97
ORD100141,Electronics,Express,9722,2.14,437.4,3,3.32,2.69,6.18,43.18
ORD100142,Beauty,Standard,8105,1.42,472.2,3,3.86,3.12,,54.4
ORD100143,Fashion,Same-Day,8698,1.96,506.9,3,1.59,3.55,7.4,41.89
ORD100144,Books,Same-Day,3241,3.93,541.6,6,2.59,3.98,8.01,51.81
ORD100145,Home & Kitchen,Express,5304,6.44,592.3,6,3.12,4.41,8.62,55.53
ORD100146,Electronics,Standard,6087,4.96,627.1,6,3.66,4.84,9.23,66.86
ORD100147,Beauty,Same-Day,3870,3.73,661.8,6,3.6,5.27,9.84,56.16
ORD100148,Home & Kitchen,Express,5553,7.42,696.5,6,4.13,5.7,1.45,58.89
ORD100149,Electronics,Standard,6336,5.83,731.3,6,4.67,6.13,2.06,71.97
ORD100150,Beauty,Same-Day,4119,4.6,766.0,0,4.6,6.56,2.67,49.87
ORD100151,Fashion,Express,4922,1.8,800.7,6,2.94,6.99,3.28,58.31
ORD100152,Books,Standard,3905,2.87,835.5,6,3.48,7.42,3.89,71.58
ORD100153,Home & Kitchen,Same-Day,5968,5.38,870.2,6,3.42,7.92,4.5,64.21
ORD100154,Electronics,Express,6770,3.79,920.9,6,3.95,8.35,5.11,78.63
ORD100155,Books,Express,4173,3.74,19.7,6,4.29,8.78,5.72,31.69
ORD100156,Home & Kitchen,Standard,6236,6.36,54.4,6,4.82,9.21,6.33,46.11
ORD100157,Electronics,Same-Day,4419,3.09,89.2,2,3.88,9.64,6.94,31.88
ORD100158,Beauty,Express,3002,2.54,123.9,2,1.7,1.57,7.55,31.65
ORD100159, beauty ,Standard,3525,3.03,158.6,2,2.24,2.0,8.16,47.88
ORD100160,Books,Same-Day,2908,3.78,193.4,2,2.18,2.43,8.77,25.64
ORD100161,Home & Kitchen,Express,4251,5.32,228.1,2,2.71,2.86,9.38,39.66
ORD100162,Fashion,Standard,3774,4.01,262.8,2,3.25,3.29,1.12,37.36
ORD100163,Books,Same-Day,3157,1.16,313.5,2,3.18,3.72,1.73,28.73
ORD100164,Home & Kitchen,Express,4500,2.59,348.3,2,3.72,4.15,2.34,29.66
ORD100165,Electronics,Standard,5083,1.92,383.0,2,2.05,4.58,2.95,41.76
ORD100166,Beauty,Standard,3666,1.48,417.7,2,2.39,5.01,3.56,46.06
ORD100167,Fashion,same-day,4189,1.97,452.5,2,2.33,5.44,4.17,36.01
ORD100168,Books,Express,3572,2.72,487.2,2,2.86,5.87,4.78,49.55
ORD100169,Beauty,Standard,3915,2.35,521.9,2,3.4,6.3,5.39,49.52
ORD100170,Fashion,Same-Day,5998,3.74,556.7,5,3.99,6.73,6.0,44.44
ORD100171,Books,Express,5100,4.84,591.4,5,4.53,7.16,6.61,57.93
ORD100172,Home & Kitchen,Standard,6983,7.08,642.1,5,2.87,7.66,7.22,70.01
ORD100173,Electronics,Same-Day,7716,5.72,676.8,5,2.81,8.09,7.83,59.62
ORD100174,Beauty,Express,5699,4.66,711.6,5,3.34,8.52,8.44,59.48
ORD100175,Fashion,Standard,6432,1.7,746.3,5,3.88,8.95,9.05,72.15
ORD100176,Electronics,Same-Day,7965,3.1,781.0,5,3.81,9.38,9.66,64.4
ORD100177,Beauty,Same-Day,5948,2.04,815.8,5,4.15,9.81,1.27,56.1
ORD100178,Fashion,Express,6681,2.68,850.5,5,4.17,1.74,1.88,59.18
ORD100179,Books,Standard,5764,3.67,885.2,5,2.51,2.17,2.49,58.89
ORD100180,Home & Kitchen,Same-Day,7647,5.91,920.0,5,2.45,2.6,3.1,52.81
ORD100181,Electronics,Express,8380,4.66,34.7,5,2.98,3.03,3.71,25.28
ORD100182,Beauty,Standard,6363,3.6,69.4,5,3.52,3.46,4.32,36.37
ORD100183,Home & Kitchen,Same-Day,5496,4.29,104.2,1,2.57,3.89,4.93,26.11
ORD100184,Electronics,Express,6029,3.85,1389.0,1,3.11,4.32,5.54,26.62
ORD100185,Beauty,Standard,4812,3.47,173.6,1,3.65,4.75,6.28,39.52
ORD100186,Fashion,Same-Day,5265,0.42,208.4,1,1.38,5.18,6.89,25.89
ORD100187,Books,Express,4748,1.09,243.1,1,1.92,5.61,7.5,39.09
ORD100188,Home & Kitchen,Express,5930,2.25,277.9,1,2.25,6.04,8.11,46.06
ORD100189,Electronics,Standard,6463,1.81,312.6,1,2.79,6.47,8.72,46.72
ORD100190,Books,Same-Day,5016,1.96,363.3,1,2.72,6.9,9.33,38.64
ORD100191,Home & Kitchen,Express,6179,3.23,398.0,1,3.26,7.4,9.94,52.45
ORD100192,Electronics,Standard,6712,2.79,432.7,1,3.8,7.83,1.55,51.53
ORD100193,Beauty,Same-Day,5495,2.41,467.5,1,1.54,8.26,2.16,39.19
ORD100194,Fashion,Express,5948,2.85,502.2,1,2.07,8.69,2.77,40.39
ORD100195,,Standard,5431,3.52,536.9,1,2.61,9.12,3.38,54.59
ORD100196,Home & Kitchen,Same-Day,8394,6.74,571.7,4,3.2,9.55,3.99,49.32
ORD100197,Fashion,Express,7757,4.73,606.4,4,3.74,9.98,4.6,58.83
ORD100198,Books,Standard,6940,2.04,641.1,4,3.76,1.91,5.21,62.67
ORD100199,Home & Kitchen,Standard,8643,4.01,691.8,4,4.1,2.34,5.82,59.56
ORD100200,Electronics,Same-Day,9326,2.88,726.6,4,1.84,2.77,6.43,47.09
ORD100201,Beauty,Express,7509,2.1,761.3,4,2.37,3.2,7.04,58.32
ORD100202,Fashion,Standard,8172,2.69,796.0,4,-1.1,3.63,7.65,70.1
ORD100203,Books,Same-Day,7355,3.6,830.8,4,2.84,4.06,8.26,62.52
ORD100204,Beauty,Express,7758,2.97,865.5,4,3.38,4.49,8.87,63.74
ORD100205,Fashion,Standard,8440,3.56,900.2,4,3.92,4.92,9.48,76.22
ORD100206,Books,Same-Day,7623,4.58,935.0,4,3.85,5.35,1.09,55.66
ORD100207,Home & Kitchen,Express,9326,6.55,33.8,4,2.19,5.78,1.7,27.67
ORD100208,BOOKS,Standard,10009,5.42,84.5,4,2.72,6.21,2.44,40.57
ORD100209,Beauty,Same-Day,9542,1.68,119.2,7,3.32,6.64,3.05,20.79
ORD100210,Fashion,Same-Day,10415,2.42,153.9,7,3.66,7.14,3.66,26.07
ORD100211,Electronics,Express,12208,4.06,188.7,7,4.19,7.57,4.27,39.98
ORD100212,Beauty,Standard,9791,2.66,223.4,7,4.73,8.0,4.88,51.05
ORD100213,Fashion,Same-Day,10664,3.4,258.1,7,4.67,8.43,5.49,42.32
ORD100214,Books,Express,9547,4.55,292.9,7,3.0,8.86,6.1,42.41
ORD100215,Home & Kitchen,Standard,11790,7.33,327.6,7,3.54,9.29,6.71,57.14
ORD100216,Electronics,Same-Day,6623,5.62,362.3,7,3.47,9.72,7.32,45.98
ORD100217,Beauty,Express,4206,4.22,413.0,7,3.5,1.65,7.93,48.62
ORD100218,Home & Kitchen,Standard,6039,8.31,447.8,7,4.03,2.08,8.54,64.89
ORD100219,Electronics,Express ,6872,6.49,482.5,7,3.97,2.51,9.15,43.24
ORD100220,Beauty,Express,4455,5.09,517.2,7,4.51,2.94,9.76,54.72
ORD100221,Fashion,Express,5328,2.34,552.0,7,2.64,3.37,1.37,43.42
ORD100222,Books,Standard,2550,1.97,586.7,3,2.3,3.8,1.98,53.58
ORD100223,Home & Kitchen,Same-Day,4073,3.67,621.4,3,2.23,4.23,2.59,47.38
ORD100224,Electronics,Express,4706,2.77,656.2,3,2.77,4.66,3.2,47.49
ORD100225,Books,Standard,2799,2.84,690.9,3,3.31,5.09,3.81,59.66
ORD100226,Home & Kitchen,Same-Day,4322,4.65,741.6,3,3.24,5.52,4.42,52.44
ORD100227,Electronics,Express,4955,3.75,776.3,3,3.78,5.95,5.03,63.68
ORD100228,Beauty,Standard,3338,3.03,811.1,3,4.31,6.38,5.64,77.0
ORD100229,Fashion,Same-Day,3931,3.57,845.8,3,2.05,6.88,6.25,53.1
ORD100230,Books,Express,3214,4.4,880.5,3,2.59,7.31,6.86,66.71
ORD100231,Home & Kitchen,Standard,4737,6.21,915.3,3,3.12,7.74,7.6,80.7
ORD100232,Fashion,Standard,4180,0.95,950.0,3,3.46,8.17,8.21,82.17
ORD100233,Books,Same-Day,3463,1.78,48.8,3,3.4,8.6,8.82,37.07
ORD100234,Home & Kitchen,Express,4986,3.48,83.5,3,3.93,9.03,9.43,38.98
ORD100235,Electronics,Standard,7569,3.84,134.2,6,5.13,9.46,1.04,41.42
ORD100236,Beauty,Same-Day,5352,2.72,169.0,6,2.86,9.89,1.65,28.12
ORD100237,Fashion,Express,6155,3.41,203.7,6,2.89,1.82,2.26,31.0
ORD100238,Books,Standard,5138,4.48,238.4,6,3.42,2.25,2.87,48.26
ORD100239,Beauty,Same-Day,5620,3.59,273.2,6,3.36,2.68,3.48,24.95
ORD100240,Fashion,Express,6423,4.28,307.9,6,3.9,3.11,4.09,36.99
ORD100241,Books,Standard,5406,5.46,342.6,6,4.43,3.54,4.7,50.29
ORD100242,Home & Kitchen,Same-Day,7469,7.97,377.4,6,4.37,3.97,5.31,42.92
ORD100243,Electronics,Same-Day,8252,6.38,412.1,6,2.5,4.4,5.92,30.76
ORD100244,Beauty,Express,6035,1.55,462.8,6,3.04,4.83,6.53,45.36
ORD100245,Fashion,Standard,6838,2.24,497.5,6,3.58,5.26,7.14,57.36
ORD100246,Electronics,Same-Day,8501,3.76,532.3,6,3.51,5.69,7.75,49.48
ORD100247,Beauty,Express,6284,2.53,567.0,6,4.05,6.12,8.36,60.83
ORD100248,Fashion,Standard,,2.02,601.7,2,3.71,6.62,8.97,57.57
ORD100249,Books,Same-Day,4390,2.77,636.5,2,3.64,7.05,9.58,51.77
ORD100250,Home & Kitchen,Express,5733,4.2,671.2,2,1.98,7.48,1.19,50.88
ORD100251,Electronics,Standard,6316,3.64,705.9,2,2.51,7.91,1.8,62.05
ORD100252,Electronics ,Same-Day,4899,3.09,740.7,2,2.45,8.34,2.41,51.98
ORD100253,Home & Kitchen,Express,5982,5.18,791.4,2,2.99,8.77,3.02,55.53
ORD100254,Electronics,Express,6565,4.51,826.1,2,3.32,9.2,3.76,61.71
ORD100255,Beauty,Standard,5148,3.96,860.8,2,3.86,0.0,4.37,73.15
ORD100256,Fashion,Same-Day,5690,0.96,895.6,2,3.28,1.56,4.98,52.96
ORD100257,Books,Express,5073,1.71,930.3,2,1.62,1.99,5.59,63.96
ORD100258,Home & Kitchen,Standard,6416,3.14,29.1,2,2.16,2.42,6.2,27.39
ORD100259,Electronics,Same-Day,6999,2.47,63.8,2,2.09,2.85,6.81,18.53
ORD100260,Books,Express,5322,2.58,98.5,2,2.63,3.28,7.42,30.43
ORD100261,Home & Kitchen,Standard,8465,6.07,133.3,5,3.82,3.71,8.03,46.9
ORD100262,Electronics,Same-Day,9198,4.71,184.0,5,3.76,4.14,8.64,37.29
ORD100263,Beauty,Express,7181,3.65,218.7,5,4.29,4.57,9.25,37.65
ORD100264,Fashion,Standard,7914,4.29,253.4,5,2.63,5.0,9.86,48.19
ORD100265,Books,Standard,6997,5.28,288.2,5,2.97,5.43,1.47,42.18
ORD100266,Home & Kitchen,Same-Day,8880,7.63,322.9,5,2.9,5.86,2.08,34.48
ORD100267,Fashion,Express,8163,1.67,357.6,5,3.44,6.36,2.69,43.42
ORD100268,Books,Standard,7246,2.66,392.4,5,3.98,6.79,3.3,46.11
ORD100269,Home & Kitchen,Same-Day,9129,4.9,427.1,5,3.91,7.22,3.91,39.59
ORD100270,Electronics,Express,9862,3.54,461.8,5,4.45,7.65,4.52,50.62
ORD100271,Beauty,Standard,7845,2.59,512.5,5,2.78,8.08,5.13,59.8
ORD100272,Fashion,Same-Day,8578,3.23,547.3,5,2.72,8.51,5.74,50.48
ORD100273,Books,Express,7680,4.22,582.0,5,3.26,8.94,6.35,53.27
ORD100274,Beauty,Standard,6313,2.46,616.7,1,2.91,9.37,6.96,62.79
ORD100275,Fashion,Same-Day,6766,2.9,651.5,1,2.85,9.8,7.57,52.81
ORD100276,Books,STANDARD,6249,3.68,686.2,1,2.67,1.73,8.18,49.71
ORD100277,Home & Kitchen,Express,7412,4.84,720.9,1,3.21,2.16,8.92,64.27
ORD100278,Electronics,Standard,7945,4.4,755.7,1,1.55,2.59,9.53,62.4
ORD100279,Beauty,Same-Day,6728,0.42,790.4,1,1.48,3.02,1.14,39.7
ORD100280,Fashion,Express,7181,0.86,841.1,1,2.02,3.45,1.75,52.09
ORD100281,Electronics,Standard,8194,1.78,875.8,1,2.55,3.88,2.36,65.77
ORD100282,Beauty,Same-Day,6977,1.4,910.6,1,2.49,4.31,2.97,56.27
ORD100283,Fashion,Express,7430,1.84,945.3,1,3.02,4.74,3.58,57.51
ORD100284,Books,Standard,6913,2.51,44.1,1,3.56,5.17,4.19,32.17
ORD100285,Home & Kitchen,Same-Day,8076,3.67,78.8,1,1.3,5.6,4.8,21.47
ORD100286,Electronics,Express,8609,3.34,113.6,1,1.84,6.1,5.41,32.85
ORD100287,Beauty,Express,2742,3.71,148.3,4,2.83,6.53,6.02,40.01
ORD100288,Home & Kitchen,Standard,4125,6.6,183.0,4,3.37,6.96,6.63,43.99
ORD100289,Electronics,Same-Day,4808,5.47,233.7,4,3.3,7.39,7.24,34.63
ORD100290,Beauty,Express,3010,0.98,268.5,4,3.84,7.82,7.85,44.73
ORD100291,Fashion,Standard,3673,1.68,303.2,4,4.38,8.25,8.46,56.57
ORD100292,Books,Same-Day,2856,2.59,337.9,4,2.11,8.68,9.07,46.64
ORD100293,Home & Kitchen,Express,4559,4.56,372.7,4,2.65,9.11,9.68,49.97
ORD100294,Electronics,Standard,5242,3.43,407.4,4,3.18,9.54,1.29,49.42
ORD100295,Books,Same-Day,3105,3.46,442.1,4,3.12,9.97,1.9,39.43
ORD100296,Home & Kitchen,Express,4808,5.54,476.9,4,3.14,1.9,2.51,44.35
ORD100297,Electronics,,5491,4.41,511.6,4,3.68,2.33,3.12,56.74
ORD100298,Beauty,Standard,3674,3.52,562.3,4,4.02,2.76,3.73,50.63
ORD100299,Fashion,Same-Day,4337,4.11,597.0,4,3.95,3.19,4.34,41.15
ORD100300,Books,Express,4780,6.16,631.8,7,2.95,3.62,5.08,54.39
ORD100301,Home & Kitchen,Standard,7023,5.45,666.5,7,3.48,4.05,5.69,67.64
ORD100302,Fashion,Same-Day,6146,2.39,701.2,7,3.42,4.48,6.3,56.72
ORD100303,home & Kitchen,Express,5029,3.54,736.0,7,3.95,4.91,6.91,59.11
ORD100304,Home & Kitchen,Standard,7272,6.32,770.7,7,4.49,5.34,7.52,73.72
ORD100305,Electronics,Same-Day,8105,4.5,805.4,7,4.43,5.84,8.13,62.88
ORD100306,Beauty,Express,5688,3.21,840.2,7,4.97,6.27,8.74,74.05
ORD100307,Fashion,Standard,6580,3.95,890.9,7,3.3,6.7,9.35,85.87
ORD100308,Books,Same-Day,5463,5.1,925.6,7,3.24,7.13,12.4,66.22
ORD100309,Beauty,Same-Day,5956,4.08,24.4,7,3.57,7.56,1.57,19.44
ORD100310,Fashion,Express,6829,4.82,59.1,7,4.11,7.99,2.18,31.21
ORD100311,Books,Standard,5712,6.08,93.9,7,4.65,8.42,2.79,44.73
ORD100312,Home & Kitchen,Same-Day,7955,8.86,128.6,7,4.58,8.85,3.4,39.73
ORD100313,Electronics,Express,6188,1.76,163.3,3,4.24,9.28,4.01,34.34
ORD100314,Beauty,Standard,4571,1.04,198.1,3,2.57,9.71,4.62,43.25
ORD100315,Fashion,Same-Day,5164,1.58,232.8,3,2.0,1.64,5.23,24.11
ORD100316,Electronics,Express,6437,2.74,283.5,3,2.53,2.07,5.84,38.73
ORD100317,Beauty,Standard,4820,2.02,318.2,3,3.07,2.5,6.45,53.54
ORD100318,Fashion,Same-Day,5413,2.56,353.0,3,3.01,2.93,7.06,30.75
ORD100319,Books,Express,4696,3.39,387.7,3,3.54,3.36,7.67,44.26
ORD100320,Home & Kitchen,Express,6219,5.09,422.4,3,3.88,3.79,8.28,50.81
ORD100321,Electronics,Standard,6852,4.3,457.2,3,2.21,4.22,8.89,59.55
ORD100322,Beauty,Same-Day,5235,3.58,491.9,3,2.15,4.65,9.5,35.32
ORD100323,Home & Kitchen,Express,6468,6.07,526.6,3,2.68,5.08,1.24,42.21
ORD100324,Electronics,Standard,7120,5.17,561.4,3,3.22,5.58,1.85,53.61
ORD100325,Beauty,Same-Day,5503,0.85,612.0,3,3.16,6.01,2.46,42.68
ORD100326,Fashion,Express,7656,2.4,646.8,6,4.36,6.44,3.07,57.13
ORD100327,Books,Standard,6639,3.47,681.5,6,4.89,6.87,3.68,58.36
ORD100328,Home & Kitchen,Same-Day,8702,5.98,716.2,6,2.63,7.3,4.29,50.94
ORD100329,Electronics,Express,9485,4.39,751.0,6,3.16,7.73,4.9,62.02
ORD100330,Books,Standard,68880,4.34,785.7,6,3.7,8.16,5.51,73.68
ORD100331,Home & Kitchen,Standard,8951,6.96,820.5,6,4.04,8.59,6.12,80.9
ORD100332,Electronics,Same-Day,9734,5.37,855.2,6,3.97,9.02,6.73,58.65
ORD100333,Beauty,Express,7517,4.14,889.9,6,4.51,9.45,7.34,71.88
ORD100334,Fashion,Same-Day ,8320,4.83,940.6,6,5.04,9.88,7.95,84.49
ORD100335,Books,Same-Day,7303,5.9,39.4,6,2.27,1.81,8.56,24.98
ORD100336,Home & Kitchen,Express,9366,4.92,74.1,6,2.8,2.24,9.17,38.43
ORD100337,Fashion,Standard,8569,2.21,108.9,6,3.34,2.67,9.78,36.66
ORD100338,Books,Same-Day,7552,3.28,143.6,6,3.28,3.1,1.39,17.86
ORD100339,Home & Kitchen,Express,7215,3.19,178.3,2,2.93,3.53,2.0,28.44
ORD100340,Electronics,Standard,7798,2.52,213.1,2,3.47,3.96,2.61,39.58
ORD100341,Beauty,Same-Day,6400,2.08,247.8,2,3.4,4.39,3.22,29.66
ORD100342,Fashion,Same-Day,6923,2.57,282.5,2,1.54,4.82,3.83,20.69
ORD100343,Books,Express,6306,3.32,333.2,2,2.08,5.32,4.44,36.13
ORD100344,Beauty,Standard,6649,2.95,368.0,2,2.62,5.75,5.05,47.97
ORD100345,Fashion,Same-Day,7172,3.44,402.7,2,2.55,6.18,5.66,37.94
ORD100346,Books,Express,6555,4.3,437.4,2,3.09,6.61,6.4,51.92
ORD100347,Home & Kitchen,Standard,7898,5.73,472.2,2,3.62,7.04,7.01,55.02
ORD100348,Electronics,Same-Day,8481,1.46,506.9,2,3.56,7.47,7.62,44.62
ORD100349,Beauty,Express,7064,0.91,541.6,2,1.89,7.9,8.23,53.35
ORD100350,Fashion ,Standard,7587,1.4,576.4,2,2.43,8.33,8.84,65.06
ORD100351,Electronics,Same-Day,8730,2.44,611.1,2,2.37,8.76,9.45,57.66
ORD100352,Beauty,Express,8663,2.64,661.8,5,3.56,9.19,1.06,49.31
ORD100353,Fashion,Express,9396,3.28,696.5,5,3.9,9.62,1.67,54.89
ORD100354,Books,Standard,8479,4.27,731.3,5,3.92,1.55,2.28,59.12
ORD100355,Home & Kitchen,Same-Day,10362,6.51,766.0,5,3.86,1.98,2.89,51.41
ORD100356,Electronics,Express,11095,5.26,800.7,5,2.19,2.41,3.5,60.48
ORD100357,Beauty,Standard,9078,4.2,835.5,5,2.73,2.84,4.11,61.14
ORD100358,Home & Kitchen,Same-Day,4630,7.49,870.2,5,2.67,3.27,4.72,54.62
ORD100359,Electronics,Express,5363,2.53,904.9,5,3.2,3.7,5.33,64.54
ORD100360,Beauty,Standard,3346,1.47,939.7,5,3.74,4.13,5.94,
ORD100361,Fashion,Same-Day,4079,2.22,54.4,5,3.67,4.56,6.55,27.95
ORD100362,Books,Express,3162,3.21,89.2,5,4.21,5.06,7.16,30.86
ORD100363,Home & Kitchen,Standard,-950.0,5.45,123.9,5,2.55,5.49,7.77,43.01
ORD100364,Electronics,Standard,5778,4.09,158.6,5,2.89,5.92,8.38,46.75
ORD100365,Books,Same-Day,1731,2.56,193.4,1,1.94,6.35,8.99,33.51
ORD100366,Home & Kitchen,Express,2894,3.83,228.1,1,2.48,6.78,9.6,48.14
ORD100367,Electronics,Standard,3427,3.39,262.8,1,3.01,7.21,1.21,36.75
ORD100368,Beauty,Same-Day,2210,3.01,297.6,1,2.95,7.64,1.82,27.06
ORD100369,Fashion,Express,2663,3.45,332.3,1,3.48,8.07,2.56,38.93
ORD100370,Books,Standard,2146,4.12,383.0,1,4.02,8.5,3.17,52.87
ORD100371,Home & Kitchen,Same-Day,3309,1.79,417.7,1,1.76,8.93,3.78,42.23
ORD100372,Fashion,Express,2912,0.83,452.5,1,2.29,9.36,4.39,41.5
ORD100373,Books,Standard,2395,1.5,487.2,1,2.83,9.79,5.0,55.3
ORD100374,Home & Kitchen,Same-Day,3558,2.66,521.9,1,2.25,1.72,5.61,38.1
ORD100375,Electronics,Same-Day,4110,2.22,556.7,1,2.59,2.15,6.22,42.17
ORD100376,Beauty,Express,2893,1.95,591.4,1,3.12,2.58,6.83,54.89
ORD100377,Fashion,Standard,3346,2.39,626.1,1,3.66,3.01,7.44,55.89
ORD100378,Books,express,4089,4.2,660.9,4,2.06,3.44,8.05,47.71
ORD100379,Beauty,Express,4492,3.57,711.6,4,2.59,3.87,8.66,60.03
ORD100380,Fashion,Standard,5155,4.16,746.3,4,3.13,4.3,9.27,71.88
ORD100381,Books,Same-Day,4338,5.18,781.0,4,3.07,4.8,9.88,65.11
ORD100382,Home & Kitchen,Express,6041,3.55,815.8,4,3.6,5.23,1.49,54.91
ORD100383,Electronics,Standard,6724,2.42,850.5,4,4.14,5.66,2.1,66.37
ORD100384,Beauty,Same-Day,4907,1.53,885.2,4,4.08,6.09,2.71,55.81
ORD100385,Fashion,Express,5570,2.12,920.0,4,2.41,6.52,3.32,65.04
ORD100386,Electronics,Express,6973,3.4,18.8,4,2.75,6.95,3.93,34.19
ORD100387,Beauty,Standard,5156,2.51,53.5,4,3.28,7.38,4.54,34.19
ORD100388,Fashion,Same-Day,5819,3.1,104.2,4,3.22,7.81,5.15,25.26
ORD100389,Books,Express,5002,4.01,138.9,4,3.75,8.24,5.76,38.5
ORD100390,Home & Kitchen,Standard,6705,5.98,173.6,4,4.29,8.67,6.37,52.57
ORD100391,Electronics,Same-Day,9338,6.22,208.4,7,4.89,9.1,6.98,46.85
ORD100392,Beauty,Express,6940,4.82,243.1,7,3.22,9.53,7.72,43.73
ORD100393,Home & Kitchen,Standard,8773,8.91,277.9,7,3.76,9.96,8.33,58.91
ORD100394,Electronics,Same-Day,9606,3.49,312.6,7,3.18,1.89,8.94,37.79
ORD100395,Beauty,Express,7189,2.09,347.3,7,3.72,2.32,9.55,48.99
ORD100396,Fashion,Standard,8062,2.94,382.1,7,4.25,2.75,1.16,51.95
ORD100397,Books,Standard,6945,4.09,432.7,7,4.59,3.18,1.77,46.2
ORD100398,Home & Kitchen,Same-Day,9188,6.87,467.5,7,4.53,3.61,2.38,38.93
ORD100399,Electronics,Express,10021,5.05,502.2,7,2.86,4.04,2.99,47.09
ORD100400,Books,Standard,7194,4.96,536.9,7,3.4,4.54,3.6,59.07
ORD100019,Fashion,Express,4793,3.15,672.1,4,3.51,9.24,2.98,57.35
ORD100114,Electronics,Same-Day,8093,4.87,387.7,4,4.09,7.94,7.45,48.49
ORD100226,Home & Kitchen,Same-Day,4322,4.65,741.6,3,3.24,5.52,4.42,52.44
ORD100342,Fashion,Same-Day,6923,2.57,282.5,2,1.54,4.82,3.83,20.69
